{
    "688396.SS": {
        "last_trained_date": "2026-04-17",
        "weights": {
            "双均线金叉": 9.771500775130873,
            "价格上升通道": 9.069491743478151,
            "量价温和共振": 9.226044022462993,
            "MACD柱状共振": 21.035306729255144,
            "布林带弹弓": 11.063714371049237,
            "RSI超卖反弹": 14.183163957204497,
            "均线多头排列": 1.5770955911026279,
            "缩量回踩支撑": 2.4514846458356563,
            "看涨吞没形态": 11.501247211395684,
            "动量加速信号": 10.120950953085122
        }
    }
}